{ 
    "_id" : ObjectId("5c3f1e4e1403f3037d96cd40"), 
    "conteudo" : "gostei do artigo", 
    "autor" : ObjectId("5c3f1e021403f3037d96cd3d"), 
    "artigo" : ObjectId("5c3f1e3a1403f3037d96cd3f"), 
    "updated_at" : ISODate("2019-01-16T12:06:38.046+0000"), 
    "created_at" : ISODate("2019-01-16T12:06:38.046+0000"), 
    "__v" : NumberInt(0)
}
{ 
    "_id" : ObjectId("5c3f1e551403f3037d96cd41"), 
    "conteudo" : "muito bom", 
    "autor" : ObjectId("5c3f1e021403f3037d96cd3d"), 
    "artigo" : ObjectId("5c3f1e3a1403f3037d96cd3f"), 
    "updated_at" : ISODate("2019-01-16T12:06:45.778+0000"), 
    "created_at" : ISODate("2019-01-16T12:06:45.778+0000"), 
    "__v" : NumberInt(0)
}
{ 
    "_id" : ObjectId("5c3f1e5f1403f3037d96cd42"), 
    "conteudo" : "recomendo a leitura", 
    "autor" : ObjectId("5c3f1e021403f3037d96cd3d"), 
    "artigo" : ObjectId("5c3f1e3a1403f3037d96cd3f"), 
    "updated_at" : ISODate("2019-01-16T12:06:55.898+0000"), 
    "created_at" : ISODate("2019-01-16T12:06:55.898+0000"), 
    "__v" : NumberInt(0)
}
